id,rate
1001,0.16
1003,0.117
1005,0.221
1007,0.304
1009,0.251
1011,0.099
1013,0.314
1015,0.187
1017,0.148
1019,0.226
1021,0.138
1023,0.339
1025,0.267
1027,0.35
1029,0.369
1031,0.264
1033,0.155
1035,0.344
1037,0.315
1039,0.38
1041,0.131
1043,0.097
1045,0.336
1047,0.313
1049,0.391
1051,0.323
1053,0.18
1055,0.319
1057,0.277
1059,0.238
1061,0.193
1063,0.14
1065,0.327
1067,0.227
1069,0.189
1071,0.299
1073,0.228
1075,0.207
1077,0.258
1079,0.195
1081,0.306
1083,0.146
1085,0.203
1087,0.265
1089,0.154
1091,0.195
1093,0.218
1095,0.272
1097,0.242
1099,0.281
1101,0.337
1103,0.142
1105,0.224
1107,0.288
1109,0.27
1111,0.097
1113,0.231
1115,0.306
1117,0.217
1119,0.236
1121,0.239
1123,0.136
1125,0.267
1127,0.1
1129,0.369
1131,0.371
1133,0.326
2013,0.335
2016,0.211
2020,0.164
2050,0.22
2060,0.338
2068,0.256
2070,0.224
2090,0.194
2100,0.069
2110,0.162
2122,0.237
2130,0.177
2150,0.141
2164,0.246
2170,0.259
2180,0.098
2185,0.331
2188,0.087
2201,0.152
2220,0.176
2232,0.119
2240,0.113
2261,0.081
2270,0.274
2280,0.284
2282,0.138
2290,0.153
4001,0.296
4003,0.358
4005,0.174
4007,0.157
4009,0.139
4011,0.344
4012,0.405
4013,0.199
4015,0.105
4017,0.192
4019,0.142
4021,0.324
4023,0.178
4025,0.342
4027,0.275
5001,0.372
5003,0.373
5005,0.191
5007,0.332
5009,0.053
5011,0.114
5013,0.328
5015,0.072
5017,0.223
5019,0.146
5021,0.213
5023,0.354
5025,0.269
5027,0.21
5029,0.331
5031,0.095
5033,0.289
5035,0.166
5037,0.289
5039,0.141
5041,0.096
5043,0.299
5045,0.111
5047,0.16
5049,0.199
5051,0.141
5053,0.176
5055,0.287
5057,0.262
5059,0.296
5061,0.253
5063,0.152
5065,0.218
5067,0.317
5069,0.162
5071,0.142
5073,0.181
5075,0.166
5077,0.119
5079,0.192
5081,0.262
5083,0.246
5085,0.127
5087,0.132
5089,0.303
5091,0.262
5093,0.275
5095,0.223
5097,0.194
5099,0.218
5101,0.137
5103,0.152
5105,0.241
5107,0.186
5109,0.098
5111,0.283
5113,0.235
5115,0.214
5117,0.082
5119,0.097
5121,0.13
5123,0.163
5125,0.104
5127,0.098
5129,0.303
5131,0.269
5133,0.252
5135,0.061
5137,0.328
5139,0.236
5141,0.255
5143,0.261
5145,0.15
5147,0.187
5149,0.281
6001,0.204
6003,0.343
6005,0.332
6007,0.251
6009,0.372
6011,0.163
6013,0.155
6015,0.242
6017,0.239
6019,0.362
6021,0.311
6023,0.348
6025,0.253
6027,0.541
6029,0.325
6031,0.369
6033,0.219
6035,0.347
6037,0.228
6039,0.187
6041,0.293
6043,0.09
6045,0.268
6047,0.291
6049,0.237
6051,0.241
6053,0.153
6055,0.12
6057,0.267
6059,0.269
6061,0.164
6063,0.353
6065,0.299
6067,0.397
6069,0.362
6071,0.195
6073,0.356
6075,0.172
6077,0.137
6079,0.185
6081,0.14
6083,0.32
6085,0.135
6087,0.328
6089,0.172
6091,0.147
6093,0.187
6095,0.235
6097,0.225
6099,0.209
6101,0.213
6103,0.391
6105,0.347
6107,0.299
6109,0.359
6111,0.177
6113,0.19
6115,0.169
8001,0.388
8003,0.121
8005,0.215
8007,0.309
8009,0.092
8011,0.264
8013,0.11
8014,0.275
8015,0.116
8017,0.221
8019,0.09
8021,0.2
8023,0.221
8025,0.304
8027,0.156
8029,0.142
8031,0.166
8033,0.117
8035,0.352
8037,0.199
8039,0.142
8041,0.09
8043,0.152
8045,0.177
8047,0.068
8049,0.22
8051,0.238
8053,0.084
8055,0.252
8057,0.312
8059,0.123
8061,0.227
8063,0.198
8065,0.029
8067,0.161
8069,0.177
8071,0.106
8073,0.25
8075,0.147
8077,0.106
8079,0.232
8081,0.303
8083,0.056
8085,0.083
8087,0.189
8089,0.109
8091,0.098
8093,0.201
8095,0.161
8097,0.166
8099,0.13
8101,0.18
8103,0.315
8105,0.289
8107,0.098
8109,0.12
8111,0.328
8113,0.203
8115,0.292
8117,0.223
8119,0.198
8121,0.077
8123,0.212
8125,0.295
9001,0.226
9003,0.228
9005,0.178
9007,0.219
9009,0.067
9011,0.179
9013,0.256
9015,0.097
10001,0.3
10003,0.309
10005,0.226
11001,0.303
12001,0.367
12003,0.311
12005,0.164
12007,0.119
12009,0.093
12011,0.261
12013,0.328
12015,0.092
12017,0.187
12019,0.261
12021,0.098
12023,0.191
12027,0.11
12029,0.317
12031,0.123
12033,0.172
12035,0.158
12037,0.372
12039,0.141
12041,0.276
12043,0.21
12045,0.28
12047,0.238
12049,0.363
12051,0.376
12053,0.308
12055,0.168
12057,0.356
12059,0.155
12061,0.282
12063,0.392
12065,0.072
12067,0.205
12069,0.262
12071,0.373
12073,0.309
12075,0.192
12077,0.181
12079,0.063
12081,0.367
12083,0.177
12085,0.183
12086,0.119
12087,0.243
12089,0.32
12091,0.267
12093,0.082
12095,0.293
12097,0.194
12099,0.158
12101,0.267
12103,0.365
12105,0.262
12107,0.307
12109,0.212
12111,0.33
12113,0.283
12115,0.114
12117,0.203
12119,0.186
12121,0.11
12123,0.338
12125,0.194
12127,0.134
12129,0.167
12131,0.242
12133,0.218
13001,0.346
13003,0.317
13005,0.316
13007,0.115
13009,0.111
13011,0.256
13013,0.137
13015,0.261
13017,0.133
13019,0.223
13021,0.284
13023,0.2
13025,0.277
13027,0.256
13029,0.197
13031,0.151
13033,0.21
13035,0.332
13037,0.297
13039,0.191
13043,0.141
13045,0.263
13047,0.198
13049,0.31
13051,0.226
13053,0.285
13055,0.146
13057,0.344
13059,0.285
13061,0.11
13063,0.152
13065,0.203
13067,0.29
13069,0.206
13071,0.258
13073,0.13
13075,0.19
13077,0.119
13079,0.25
13081,0.115
13083,0.261
13085,0.26
13087,0.221
13089,0.247
13091,0.267
13093,0.322
13095,0.131
13097,0.361
13099,0.244
13101,0.215
13103,0.227
13105,0.169
13107,0.122
13109,0.303
13111,0.219
13113,0.15
13115,0.314
13117,0.291
13119,0.186
13121,0.238
13123,0.287
13125,0.218
13127,0.351
13129,0.262
13131,0.201
13133,0.228
13135,0.341
13137,0.194
13139,0.094
13141,0.201
13143,0.307
13145,0.233
13147,0.302
13149,0.188
13151,0.374
13153,0.274
13155,0.173
13157,0.155
13159,0.149
13161,0.227
13163,0.245
13165,0.159
13167,0.216
13169,0.179
13171,0.236
13173,0.383
13175,0.084
13177,0.138
13179,0.329
13181,0.315
13183,0.153
13185,0.239
13187,0.142
13189,0.351
13191,0.351
13193,0.306
13195,0.32
13197,0.263
13199,0.199
13201,0.172
13205,0.127
13207,0.194
13209,0.342
13211,0.285
13213,0.298
13215,0.263
13217,0.282
13219,0.156
13221,0.272
13223,0.192
13225,0.177
13227,0.342
13229,0.188
13231,0.263
13233,0.248
13235,0.168
13237,0.141
13239,0.204
13241,0.228
13243,0.104
13245,0.13
13247,0.283
13249,0.31
13251,0.368
13253,0.257
13255,0.237
13257,0.264
13259,0.137
13261,0.267
13263,0.199
13265,0.128
13267,0.354
13269,0.207
13271,0.29
13273,0.182
13275,0.346
13277,0.293
13279,0.166
13281,0.288
13283,0.248
13285,0.279
13287,0.179
13289,0.24
13291,0.124
13293,0.21
13295,0.133
13297,0.216
13299,0.19
13301,0.237
13303,0.188
13305,0.19
13307,0.167
13309,0.241
13311,0.191
13313,0.135
13315,0.265
13317,0.126
13319,0.157
13321,0.357
15001,0.258
15003,0.198
15007,0.313
15009,0.276
16001,0.347
16003,0.331
16005,0.361
16007,0.264
16009,0.182
16011,0.141
16013,0.129
16015,0.177
16017,0.261
16019,0.165
16021,0.089
16023,0.26
16025,0.265
16027,0.15
16029,0.126
16031,0.29
16033,0.259
16035,0.081
16037,0.368
16039,0.109
16041,0.077
16043,0.27
16045,0.136
16047,0.334
16049,0.115
16051,0.143
16053,0.148
16055,0.089
16057,0.247
16059,0.069
16061,0.225
16063,0.232
16065,0.197
16067,0.145
16069,0.16
16071,0.105
16073,0.12
16075,0.261
16077,0.227
16079,0.187
16081,0.229
16083,0.251
16085,0.088
16087,0.284
17001,0.164
17003,0.239
17005,0.322
17007,0.333
17009,0.208
17011,0.285
17013,0.119
17015,0.285
17017,0.115
17019,0.173
17021,0.332
17023,0.279
17025,0.221
17027,0.324
17029,0.099
17031,0.241
17033,0.206
17035,0.145
17037,0.277
17039,0.182
17041,0.092
17043,0.321
17045,0.156
17047,0.127
17049,0.151
17051,0.209
17053,0.316
17055,0.314
17057,0.316
17059,0.205
17061,0.3
17063,0.262
17065,0.124
17067,0.333
17069,0.113
17071,0.358
17073,0.144
17075,0.166
17077,0.29
17079,0.193
17081,0.235
17083,0.28
17085,0.178
17087,0.231
17089,0.114
17091,0.239
17093,0.288
17095,0.294
17097,0.103
17099,0.3
17101,0.334
17103,0.113
17105,0.179
17107,0.237
17109,0.305
17111,0.297
17113,0.283
17115,0.144
17117,0.314
17119,0.315
17121,0.207
17123,0.119
17125,0.286
17127,0.193
17129,0.31
17131,0.258
17133,0.229
17135,0.278
17137,0.372
17139,0.084
17141,0.28
17143,0.359
17145,0.216
17147,0.249
17149,0.272
17151,0.161
17153,0.156
17155,0.239
17157,0.16
17159,0.264
17161,0.155
17163,0.135
17165,0.148
17167,0.202
17169,0.239
17171,0.166
17173,0.185
17175,0.14
17177,0.328
17179,0.346
17181,0.303
17183,0.198
17185,0.3
17187,0.293
17189,0.33
17191,0.25
17193,0.227
17195,0.086
17197,0.206
17199,0.299
17201,0.306
17203,0.345
18001,0.316
18003,0.354
18005,0.103
18007,0.178
18009,0.14
18011,0.373
18013,0.198
18015,0.088
18017,0.349
18019,0.165
18021,0.222
18023,0.256
18025,0.312
18027,0.155
18029,0.049
18031,0.269
18033,0.26
18035,0.304
18037,0.245
18039,0.3
18041,0.16
18043,0.274
18045,0.134
18047,0.246
18049,0.179
18051,0.222
18053,0.177
18055,0.181
18057,0.311
18059,0.311
18061,0.118
18063,0.108
18065,0.188
18067,0.12
18069,0.209
18071,0.231
18073,0.351
18075,0.207
18077,0.234
18079,0.335
18081,0.132
18083,0.094
18085,0.266
18087,0.3
18089,0.14
18091,0.284
18093,0.267
18095,0.231
18097,0.107
18099,0.254
18101,0.164
18103,0.243
18105,0.293
18107,0.156
18109,0.147
18111,0.245
18113,0.309
18115,0.155
18117,0.315
18119,0.322
18121,0.111
18123,0.223
18125,0.308
18127,0.297
18129,0.312
18131,0.26
18133,0.285
18135,0.242
18137,0.302
18139,0.291
18141,0.335
18143,0.254
18145,0.161
18147,0.138
18149,0.221
18151,0.276
18153,0.299
18155,0.173
18157,0.22
18159,0.295
18161,0.133
18163,0.126
18165,0.214
18167,0.238
18169,0.172
18171,0.24
18173,0.351
18175,0.119
18177,0.322
18179,0.299
18181,0.201
18183,0.224
19001,0.266
19003,0.191
19005,0.11
19007,0.233
19009,0.334
19011,0.231
19013,0.148
19015,0.098
19017,0.079
19019,0.19
19021,0.099
19023,0.105
19025,0.26
19027,0.294
19029,0.132
19031,0.078
19033,0.177
19035,0.067
19037,0.204
19039,0.234
19041,0.224
19043,0.152
19045,0.139
19047,0.077
19049,0.157
19051,0.201
19053,0.291
19055,0.216
19057,0.278
19059,0.272
19061,0.238
19063,0.21
19065,0.196
19067,0.195
19069,0.217
19071,0.32
19073,0.32
19075,0.083
19077,0.139
19079,0.216
19081,0.121
19083,0.29
19085,0.16
19087,0.084
19089,0.228
19091,0.126
19093,0.312
19095,0.118
19097,0.218
19099,0.227
19101,0.241
19103,0.267
19105,0.294
19107,0.093
19109,0.251
19111,0.186
19113,0.264
19115,0.215
19117,0.29
19119,0.12
19121,0.113
19123,0.218
19125,0.257
19127,0.097
19129,0.19
19131,0.283
19133,0.194
19135,0.301
19137,0.175
19139,0.317
19141,0.179
19143,0.243
19145,0.194
19147,0.237
19149,0.23
19151,0.207
19153,0.202
19155,0.182
19157,0.068
19159,0.196
19161,0.243
19163,0.277
19165,0.213
19167,0.179
19169,0.091
19171,0.205
19173,0.136
19175,0.077
19177,0.19
19179,0.08
19181,0.314
19183,0.298
19185,0.149
19187,0.254
19189,0.303
19191,0.321
19193,0.268
19195,0.197
19197,0.243
20001,0.324
20003,0.228
20005,0.329
20007,0.091
20009,0.231
20011,0.091
20013,0.065
20015,0.086
20017,0.222
20019,0.194
20021,0.274
20023,0.285
20025,0.117
20027,0.067
20029,0.202
20031,0.165
20033,0.097
20035,0.218
20037,0.156
20039,0.231
20041,0.223
20043,0.231
20045,0.138
20047,0.254
20049,0.184
20051,0.17
20053,0.246
20055,0.061
20057,0.133
20059,0.088
20061,0.131
20063,0.079
20065,0.215
20067,0.133
20069,0.062
20071,0.174
20073,0.255
20075,0.182
20077,0.172
20079,0.066
20081,0.144
20083,0.227
20085,0.092
20087,0.3
20089,0.297
20091,0.149
20093,0.268
20095,0.295
20097,0.193
20099,0.149
20101,0.298
20103,0.034
20105,0.183
20107,0.233
20109,0.144
20111,0.05
20113,0.297
20115,0.161
20117,0.163
20119,0.249
20121,0.232
20123,0.268
20125,0.198
20127,0.094
20129,0.088
20131,0.107
20133,0.153
20135,0.12
20137,0.25
20139,0.217
20141,0.17
20143,0.044
20145,0.245
20147,0.277
20149,0.08
20151,0.201
20153,0.293
20155,0.225
20157,0.313
20159,0.291
20161,0.211
20163,0.042
20165,0.083
20167,0.179
20169,0.066
20171,0.077
20173,0.052
20175,0.148
20177,0.151
20179,0.184
20181,0.252
20183,0.269
20185,0.253
20187,0.151
20189,0.214
20191,0.173
20193,0.3
20195,0.236
20197,0.156
20199,0.166
20201,0.169
20203,0.125
20205,0.115
20207,0.122
20209,0.229
21001,0.254
21003,0.271
21005,0.203
21007,0.249
21009,0.142
21011,0.266
21013,0.383
21015,0.275
21017,0.182
21019,0.331
21021,0.283
21023,0.31
21025,0.322
21027,0.12
21029,0.141
21031,0.238
21033,0.347
21035,0.209
21037,0.26
21039,0.177
21041,0.311
21043,0.214
21045,0.335
21047,0.342
21049,0.159
21051,0.194
21053,0.225
21055,0.1
21057,0.218
21059,0.35
21061,0.151
21063,0.168
21065,0.196
21067,0.169
21069,0.307
21071,0.232
21073,0.194
21075,0.171
21077,0.284
21079,0.251
21081,0.129
21083,0.161
21085,0.293
21087,0.304
21089,0.374
21091,0.118
21093,0.196
21095,0.34
21097,0.155
21099,0.111
21101,0.116
21103,0.148
21105,0.137
21107,0.162
21109,0.171
21111,0.185
21113,0.255
21115,0.258
21117,0.361
21119,0.28
21121,0.12
21123,0.345
21125,0.357
21127,0.121
21129,0.171
21131,0.183
21133,0.197
21135,0.35
21137,0.191
21139,0.121
21141,0.168
21143,0.124
21145,0.132
21147,0.191
21149,0.203
21151,0.296
21153,0.127
21155,0.454
21157,0.189
21159,0.227
21161,0.224
21163,0.221
21165,0.174
21167,0.217
21169,0.108
21171,0.308
21173,0.23
21175,0.246
21177,0.355
21179,0.327
21181,0.275
21183,0.275
21185,0.314
21187,0.196
21189,0.161
21191,0.322
21193,0.117
21195,0.175
21197,0.167
21199,0.287
21201,0.21
21203,0.336
21205,0.228
21207,0.156
21209,0.278
21211,0.201
21213,0.156
21215,0.208
21217,0.172
21219,0.242
21221,0.376
21223,0.2
21225,0.237
21227,0.158
21229,0.112
21231,0.317
21233,0.386
21235,0.188
21237,0.254
21239,0.269
22001,0.213
22003,0.131
22005,0.231
22007,0.277
22009,0.268
22011,0.291
22013,0.19
22015,0.315
22017,0.224
22019,0.169
22021,0.182
22023,0.187
22025,0.106
22027,0.173
22029,0.283
22031,0.193
22033,0.26
22035,0.198
22037,0.232
22039,0.3
22041,0.256
22043,0.283
22045,0.302
22047,0.216
22049,0.294
22051,0.118
22053,0.085
22055,0.174
22057,0.089
22059,0.239
22061,0.083
22063,0.208
22065,0.07
22067,0.153
22069,0.331
22071,0.084
22073,0.247
22075,0.086
22077,0.262
22079,0.209
22081,0.149
22083,0.116
22085,0.137
22087,0.151
22089,0.315
22091,0.165
22093,0.228
22095,0.22
22097,0.314
22099,0.203
22101,0.165
22103,0.256
22105,0.302
22107,0.271
22109,0.275
22111,0.102
22113,0.362
22115,0.202
22117,0.217
22119,0.186
22121,0.201
22123,0.244
22125,0.26
22127,0.092
23001,0.221
23003,0.264
23005,0.193
23007,0.295
23009,0.132
23011,0.188
23013,0.253
23015,0.25
23017,0.073
23019,0.159
23021,0.21
23023,0.266
23025,0.127
23027,0.257
23029,0.168
23031,0.244
24001,0.174
24003,0.185
24005,0.075
24009,0.137
24011,0.189
24013,0.338
24015,0.15
24017,0.266
24019,0.299
24021,0.179
24023,0.209
24025,0.209
24027,0.181
24029,0.244
24031,0.231
24033,0.123
24035,0.183
24037,0.096
24039,0.216
24041,0.155
24043,0.178
24045,0.224
24047,0.257
24510,0.315
25001,0.116
25003,0.13
25005,0.164
25007,0.188
25009,0.23
25011,0.351
25013,0.207
25015,0.235
25017,0.103
25019,0.141
25021,0.28
25023,0.325
25025,0.297
25027,0.303
26001,0.331
26003,0.377
26005,0.33
26007,0.262
26009,0.149
26011,0.237
26013,0.188
26015,0.383
26017,0.195
26019,0.263
26021,0.18
26023,0.315
26025,0.22
26027,0.144
26029,0.204
26031,0.339
26033,0.236
26035,0.296
26037,0.208
26039,0.244
26041,0.377
26043,0.155
26045,0.15
26047,0.353
26049,0.272
26051,0.408
26053,0.345
26055,0.223
26057,0.14
26059,0.217
26061,0.282
26063,0.102
26065,0.158
26067,0.216
26069,0.204
26071,0.394
26073,0.307
26075,0.205
26077,0.269
26079,0.362
26081,0.303
26083,0.117
26085,0.219
26087,0.295
26089,0.371
26091,0.29
26093,0.381
26095,0.146
26097,0.352
26099,0.071
26101,0.331
26103,0.296
26105,0.261
26107,0.319
26109,0.17
26111,0.235
26113,0.242
26115,0.33
26117,0.152
26119,0.296
26121,0.189
26123,0.28
26125,0.178
26127,0.226
26129,0.182
26131,0.277
26133,0.168
26135,0.203
26137,0.261
26139,0.357
26141,0.248
26143,0.4
26145,0.266
26147,0.179
26149,0.44
26151,0.319
26153,0.408
26155,0.267
26157,0.312
26159,0.313
26161,0.182
26163,0.213
26165,0.193
27001,0.383
27003,0.251
27005,0.109
27007,0.304
27009,0.082
27011,0.3
27013,0.175
27015,0.123
27017,0.105
27019,0.193
27021,0.28
27023,0.199
27025,0.251
27027,0.204
27029,0.046
27031,0.301
27033,0.287
27035,0.082
27037,0.134
27039,0.309
27041,0.261
27043,0.196
27045,0.126
27047,0.29
27049,0.236
27051,0.087
27053,0.238
27055,0.163
27057,0.081
27059,0.193
27061,0.313
27063,0.172
27065,0.047
27067,0.263
27069,0.125
27071,0.202
27073,0.273
27075,0.074
27077,0.305
27079,0.099
27081,0.266
27083,0.085
27085,0.279
27087,0.23
27089,0.14
27091,0.202
27093,0.239
27095,0.178
27097,0.205
27099,0.14
27101,0.145
27103,0.209
27105,0.061
27107,0.195
27109,0.151
27111,0.095
27113,0.153
27115,0.186
27117,0.241
27119,0.243
27121,0.104
27123,0.124
27125,0.214
27127,0.177
27129,0.171
27131,0.284
27133,0.165
27135,0.101
27137,0.09
27139,0.142
27141,0.238
27143,0.231
27145,0.265
27147,0.278
27149,0.257
27151,0.043
27153,0.146
27155,0.235
27157,0.092
27159,0.231
27161,0.268
27163,0.11
27165,0.148
27167,0.255
27169,0.067
27171,0.24
27173,0.242
28001,0.171
28003,0.27
28005,0.243
28007,0.336
28009,0.178
28011,0.156
28013,0.18
28015,0.327
28017,0.268
28019,0.262
28021,0.133
28023,0.35
28025,0.22
28027,0.308
28029,0.291
28031,0.339
28033,0.297
28035,0.152
28037,0.257
28039,0.11
28041,0.17
28043,0.269
28045,0.35
28047,0.135
28049,0.292
28051,0.259
28053,0.386
28055,0.302
28057,0.162
28059,0.246
28061,0.1
28063,0.252
28065,0.325
28067,0.186
28069,0.121
28071,0.123
28073,0.089
28075,0.176
28077,0.147
28079,0.322
28081,0.237
28083,0.218
28085,0.186
28087,0.288
28089,0.172
28091,0.213
28093,0.181
28095,0.202
28097,0.227
28099,0.127
28101,0.284
28103,0.189
28105,0.176
28107,0.22
28109,0.289
28111,0.123
28113,0.104
28115,0.328
28117,0.257
28119,0.175
28121,0.291
28123,0.066
28125,0.079
28127,0.31
28129,0.122
28131,0.212
28133,0.152
28135,0.298
28137,0.219
28139,0.313
28141,0.365
28143,0.151
28145,0.36
28147,0.328
28149,0.243
28151,0.341
28153,0.293
28155,0.194
28157,0.265
28159,0.271
28161,0.371
28163,0.219
29001,0.195
29003,0.195
29005,0.286
29007,0.139
29009,0.322
29011,0.131
29013,0.117
29015,0.258
29017,0.103
29019,0.168
29021,0.102
29023,0.107
29025,0.08
29027,0.306
29029,0.21
29031,0.179
29033,0.099
29035,0.108
29037,0.187
29039,0.187
29041,0.316
29043,0.305
29045,0.15
29047,0.243
29049,0.196
29051,0.227
29053,0.187
29055,0.304
29057,0.247
29059,0.311
29061,0.144
29063,0.137
29065,0.103
29067,0.204
29069,0.338
29071,0.261
29073,0.305
29075,0.358
29077,0.178
29079,0.233
29081,0.069
29083,0.278
29085,0.336
29087,0.353
29089,0.291
29091,0.153
29093,0.212
29095,0.307
29097,0.249
29099,0.164
29101,0.286
29103,0.11
29105,0.239
29107,0.27
29109,0.25
29111,0.298
29113,0.313
29115,0.173
29117,0.263
29119,0.208
29121,0.25
29123,0.129
29125,0.318
29127,0.187
29129,0.149
29131,0.169
29133,0.166
29135,0.317
29137,0.128
29139,0.15
29141,0.303
29143,0.313
29145,0.279
29147,0.329
29149,0.229
29151,0.13
29153,0.099
29155,0.136
29157,0.341
29159,0.122
29161,0.141
29163,0.221
29165,0.143
29167,0.33
29169,0.299
29171,0.198
29173,0.234
29175,0.12
29177,0.284
29179,0.103
29181,0.287
29183,0.135
29185,0.277
29186,0.123
29187,0.163
29189,0.169
29195,0.296
29197,0.129
29199,0.268
29201,0.352
29203,0.212
29205,0.166
29207,0.171
29209,0.09
29211,0.14
29213,0.234
29215,0.106
29217,0.298
29219,0.169
29221,0.222
29223,0.217
29225,0.295
29227,0.3
29229,0.254
29510,0.196
30001,0.331
30003,0.094
30005,0.332
30007,0.23
30009,0.262
30011,0.158
30013,0.139
30015,0.122
30017,0.172
30019,0.226
30021,0.102
30023,0.298
30025,0.185
30027,0.237
30029,0.237
30031,0.158
30033,0.125
30035,0.264
30037,0.182
30039,0.077
30041,0.222
30043,0.131
30045,0.298
30047,0.246
30049,0.273
30051,0.053
30053,0.257
30055,0.341
30057,0.282
30059,0.098
30061,0.078
30063,0.256
30065,0.076
30067,0.135
30069,0.251
30071,0.055
30073,0.088
30075,0.26
30077,0.15
30079,0.153
30081,0.061
30083,0.295
30085,0.246
30087,0.275
30089,0.153
30091,0.272
30093,0.113
30095,0.295
30097,0.102
30099,0.221
30101,0.17
30103,0.041
30105,0.271
30107,0.086
30109,0.243
30111,0.201
31001,0.217
31003,0.296
31005,0.086
31007,0.294
31009,0.085
31011,0.302
31013,0.249
31015,0.071
31017,0.226
31019,0.281
31021,0.115
31023,0.227
31025,0.279
31027,0.246
31029,0.042
31031,0.22
31033,0.075
31035,0.061
31037,0.243
31039,0.04
31041,0.225
31043,0.221
31045,0.065
31047,0.154
31049,0.188
31051,0.218
31053,0.177
31055,0.249
31057,0.05
31059,0.28
31061,0.234
31063,0.137
31065,0.23
31067,0.231
31069,0.059
31071,0.124
31073,0.185
31075,0.098
31077,0.261
31079,0.123
31081,0.274
31083,0.124
31085,0.046
31087,0.092
31089,0.246
31091,0.092
31093,0.19
31095,0.198
31097,0.196
31099,0.209
31101,0.108
31103,0.169
31105,0.274
31107,0.103
31109,0.146
31111,0.052
31113,0.14
31115,0.153
31117,0.152
31119,0.25
31121,0.252
31123,0.28
31125,0.051
31127,0.036
31129,0.304
31131,0.107
31133,0.11
31135,0.191
31137,0.091
31139,0.088
31141,0.096
31143,0.284
31145,0.092
31147,0.222
31149,0.297
31151,0.241
31153,0.26
31155,0.267
31157,0.175
31159,0.138
31161,0.287
31163,0.215
31165,0.22
31167,0.148
31169,0.266
31171,0.233
31173,0.078
31175,0.248
31177,0.169
31179,0.061
31181,0.068
31183,0.152
31185,0.082
32001,0.227
32003,0.169
32005,0.229
32007,0.186
32009,0.118
32011,0.133
32013,0.293
32015,0.306
32017,0.122
32019,0.254
32021,0.303
32023,0.275
32027,0.261
32029,0.126
32031,0.258
32033,0.191
32510,0.304
33001,0.138
33003,0.31
33005,0.284
33007,0.065
33009,0.098
33011,0.206
33013,0.095
33015,0.163
33017,0.185
33019,0.246
34001,0.275
34003,0.292
34005,0.294
34007,0.341
34009,0.299
34011,0.255
34013,0.206
34015,0.191
34017,0.18
34019,0.306
34021,0.169
34023,0.081
34025,0.272
34027,0.197
34029,0.306
34031,0.126
34033,0.297
34035,0.271
34037,0.129
34039,0.265
34041,0.198
35001,0.328
35003,0.265
35005,0.181
35006,0.078
35007,0.073
35009,0.1
35011,0.174
35013,0.063
35015,0.229
35017,0.07
35019,0.273
35021,0.145
35023,0.145
35025,0.256
35027,0.283
35028,0.131
35029,0.269
35031,0.274
35033,0.116
35035,0.331
35037,0.238
35039,0.099
35041,0.212
35043,0.164
35045,0.31
35047,0.123
35049,0.298
35051,0.095
35053,0.218
35055,0.16
35057,0.147
35059,0.288
35061,0.265
36001,0.095
36003,0.311
36005,0.099
36007,0.353
36009,0.195
36011,0.265
36013,0.26
36015,0.308
36017,0.279
36019,0.127
36021,0.17
36023,0.257
36025,0.305
36027,0.204
36029,0.172
36031,0.113
36033,0.128
36035,0.078
36037,0.271
36039,0.162
36041,0.144
36043,0.056
36045,0.286
36047,0.228
36049,0.18
36051,0.226
36053,0.205
36055,0.294
36057,0.093
36059,0.108
36061,0.262
36063,0.102
36065,0.318
36067,0.233
36069,0.099
36071,0.127
36073,0.272
36075,0.302
36077,0.233
36079,0.208
36081,0.08
36083,0.181
36085,0.317
36087,0.179
36089,0.324
36091,0.239
36093,0.174
36095,0.138
36097,0.106
36099,0.194
36101,0.293
36103,0.095
36105,0.245
36107,0.256
36109,0.159
36111,0.156
36113,0.141
36115,0.232
36117,0.114
36119,0.208
36121,0.194
36123,0.168
37001,0.22
37003,0.268
37005,0.196
37007,0.349
37009,0.328
37011,0.34
37013,0.299
37015,0.162
37017,0.245
37019,0.19
37021,0.315
37023,0.162
37025,0.331
37027,0.284
37029,0.382
37031,0.311
37033,0.236
37035,0.194
37037,0.346
37039,0.17
37041,0.392
37043,0.369
37045,0.288
37047,0.303
37049,0.245
37051,0.25
37053,0.141
37055,0.23
37057,0.278
37059,0.175
37061,0.241
37063,0.127
37065,0.11
37067,0.253
37069,0.285
37071,0.197
37073,0.373
37075,0.171
37077,0.274
37079,0.322
37081,0.272
37083,0.25
37085,0.191
37087,0.319
37089,0.115
37091,0.336
37093,0.334
37095,0.093
37097,0.189
37099,0.251
37101,0.128
37103,0.195
37105,0.179
37107,0.385
37109,0.144
37111,0.222
37113,0.381
37115,0.272
37117,0.123
37119,0.226
37121,0.36
37123,0.35
37125,0.263
37127,0.235
37129,0.199
37131,0.261
37133,0.177
37135,0.113
37137,0.153
37139,0.161
37141,0.121
37143,0.168
37145,0.153
37147,0.328
37149,0.16
37151,0.212
37153,0.16
37155,0.312
37157,0.195
37159,0.317
37161,0.138
37163,0.313
37165,0.253
37167,0.265
37169,0.169
37171,0.291
37173,0.268
37175,0.091
37177,0.085
37179,0.128
37181,0.25
37183,0.36
37185,0.183
37187,0.127
37189,0.117
37191,0.139
37193,0.158
37195,0.149
37197,0.219
37199,0.313
38001,0.279
38003,0.147
38005,0.124
38007,0.143
38009,0.223
38011,0.229
38013,0.077
38015,0.052
38017,0.128
38019,0.207
38021,0.125
38023,0.241
38025,0.164
38027,0.216
38029,0.168
38031,0.251
38033,0.048
38035,0.065
38037,0.175
38039,0.152
38041,0.066
38043,0.037
38045,0.154
38047,0.293
38049,0.117
38051,0.169
38053,0.231
38055,0.112
38057,0.104
38059,0.233
38061,0.26
38063,0.044
38065,0.209
38067,0.161
38069,0.211
38071,0.05
38073,0.132
38075,0.1
38077,0.043
38079,0.163
38081,0.337
38083,0.315
38085,0.157
38087,0.183
38089,0.162
38091,0.248
38093,0.181
38095,0.152
38097,0.146
38099,0.105
38101,0.085
38103,0.198
38105,0.238
39001,0.04
39003,0.138
39005,0.112
39007,0.124
39009,0.246
39011,0.266
39013,0.351
39015,0.222
39017,0.219
39019,0.281
39021,0.162
39023,0.134
39025,0.349
39027,0.124
39029,0.339
39031,0.295
39033,0.193
39035,0.142
39037,0.205
39039,0.329
39041,0.297
39043,0.297
39045,0.345
39047,0.202
39049,0.367
39051,0.112
39053,0.331
39055,0.205
39057,0.095
39059,0.204
39061,0.178
39063,0.249
39065,0.101
39067,0.352
39069,0.276
39071,0.199
39073,0.153
39075,0.354
39077,0.283
39079,0.268
39081,0.115
39083,0.367
39085,0.137
39087,0.219
39089,0.084
39091,0.259
39093,0.352
39095,0.271
39097,0.253
39099,0.215
39101,0.328
39103,0.132
39105,0.245
39107,0.272
39109,0.198
39111,0.12
39113,0.235
39115,0.16
39117,0.306
39119,0.15
39121,0.339
39123,0.38
39125,0.357
39127,0.255
39129,0.258
39131,0.103
39133,0.307
39135,0.272
39137,0.271
39139,0.09
39141,0.288
39143,0.145
39145,0.118
39147,0.201
39149,0.27
39151,0.319
39153,0.24
39155,0.106
39157,0.285
39159,0.332
39161,0.19
39163,0.302
39165,0.123
39167,0.245
39169,0.234
39171,0.209
39173,0.281
39175,0.25
40001,0.242
40003,0.296
40005,0.195
40007,0.164
40009,0.043
40011,0.259
40013,0.287
40015,0.192
40017,0.261
40019,0.195
40021,0.067
40023,0.216
40025,0.246
40027,0.285
40029,0.242
40031,0.228
40033,0.301
40035,0.26
40037,0.125
40039,0.271
40041,0.109
40043,0.12
40045,0.126
40047,0.215
40049,0.225
40051,0.259
40053,0.174
40055,0.112
40057,0.079
40059,0.139
40061,0.123
40063,0.244
40065,0.207
40067,0.178
40069,0.156
40071,0.32
40073,0.331
40075,0.213
40077,0.212
40079,0.294
40081,0.247
40083,0.197
40085,0.096
40087,0.124
40089,0.076
40091,0.136
40093,0.232
40095,0.105
40097,0.265
40099,0.291
40101,0.057
40103,0.151
40105,0.157
40107,0.133
40109,0.089
40111,0.191
40113,0.195
40115,0.124
40117,0.212
40119,0.122
40121,0.233
40123,0.175
40125,0.211
40127,0.185
40129,0.219
40131,0.095
40133,0.102
40135,0.102
40137,0.317
40139,0.224
40141,0.258
40143,0.296
40145,0.108
40147,0.206
40149,0.119
40151,0.073
40153,0.282
41001,0.165
41003,0.285
41005,0.145
41007,0.174
41009,0.272
41011,0.346
41013,0.217
41015,0.181
41017,0.142
41019,0.355
41021,0.2
41023,0.306
41025,0.129
41027,0.29
41029,0.236
41031,0.225
41033,0.229
41035,0.363
41037,0.31
41039,0.131
41041,0.235
41043,0.264
41045,0.206
41047,0.103
41049,0.233
41051,0.084
41053,0.179
41055,0.333
41057,0.206
41059,0.202
41061,0.228
41063,0.102
41065,0.097
41067,0.29
41069,0.146
41071,0.227
42001,0.23
42003,0.224
42005,0.302
42007,0.14
42009,0.194
42011,0.129
42013,0.311
42015,0.284
42017,0.226
42019,0.323
42021,0.231
42023,0.228
42025,0.357
42027,0.13
42029,0.076
42031,0.153
42033,0.323
42035,0.268
42037,0.172
42039,0.142
42041,0.161
42043,0.268
42045,0.181
42047,0.239
42049,0.179
42051,0.202
42053,0.181
42055,0.182
42057,0.156
42059,0.353
42061,0.238
42063,0.342
42065,0.288
42067,0.135
42069,0.316
42071,0.283
42073,0.115
42075,0.129
42077,0.19
42079,0.173
42081,0.302
42083,0.203
42085,0.35
42087,0.163
42089,0.294
42091,0.26
42093,0.19
42095,0.119
42097,0.308
42099,0.144
42101,0.261
42103,0.35
42105,0.256
42107,0.293
42109,0.131
42111,0.156
42113,0.195
42115,0.279
42117,0.268
42119,0.158
42121,0.298
42123,0.247
42125,0.203
42127,0.259
42129,0.126
42131,0.188
42133,0.169
44001,0.194
44003,0.351
44005,0.159
44007,0.13
44009,0.315
45001,0.102
45003,0.348
45005,0.224
45007,0.285
45009,0.285
45011,0.351
45013,0.34
45015,0.087
45017,0.247
45019,0.154
45021,0.09
45023,0.412
45025,0.421
45027,0.288
45029,0.411
45031,0.172
45033,0.35
45035,0.212
45037,0.293
45039,0.347
45041,0.349
45043,0.177
45045,0.305
45047,0.132
45049,0.257
45051,0.391
45053,0.199
45055,0.327
45057,0.344
45059,0.209
45061,0.117
45063,0.247
45065,0.213
45067,0.197
45069,0.22
45071,0.392
45073,0.367
45075,0.302
45077,0.417
45079,0.186
45081,0.095
45083,0.264
45085,0.212
45087,0.259
45089,0.296
45091,0.184
46003,0.271
46005,0.15
46007,0.16
46009,0.27
46011,0.059
46013,0.222
46015,0.061
46017,0.117
46019,0.312
46021,0.099
46023,0.225
46025,0.288
46027,0.257
46029,0.237
46031,0.128
46033,0.286
46035,0.27
46037,0.093
46039,0.293
46041,0.188
46043,0.124
46045,0.271
46047,0.147
46049,0.229
46051,0.221
46053,0.115
46055,0.031
46057,0.046
46059,0.201
46061,0.148
46063,0.27
46065,0.203
46067,0.197
46069,0.049
46071,0.246
46073,0.262
46075,0.246
46077,0.214
46079,0.221
46081,0.178
46083,0.248
46085,0.049
46087,0.287
46089,0.045
46091,0.05
46093,0.267
46095,0.14
46097,0.188
46099,0.137
46101,0.087
46103,0.291
46105,0.144
46107,0.249
46109,0.172
46111,0.058
46113,0.078
46115,0.126
46117,0.034
46119,0.041
46121,0.034
46123,0.114
46125,0.199
46127,0.184
46129,0.293
46135,0.25
46137,0.073
47001,0.078
47003,0.347
47005,0.291
47007,0.138
47009,0.257
47011,0.333
47013,0.283
47015,0.371
47017,0.158
47019,0.204
47021,0.098
47023,0.244
47025,0.185
47027,0.251
47029,0.366
47031,0.132
47033,0.162
47035,0.154
47037,0.168
47039,0.112
47041,0.342
47043,0.172
47045,0.288
47047,0.18
47049,0.328
47051,0.16
47053,0.264
47055,0.187
47057,0.17
47059,0.375
47061,0.253
47063,0.19
47065,0.375
47067,0.197
47069,0.203
47071,0.147
47073,0.131
47075,0.233
47077,0.21
47079,0.191
47081,0.141
47083,0.124
47085,0.206
47087,0.309
47089,0.237
47091,0.238
47093,0.122
47095,0.141
47097,0.257
47099,0.239
47101,0.366
47103,0.399
47105,0.189
47107,0.295
47109,0.19
47111,0.137
47113,0.112
47115,0.2
47117,0.301
47119,0.263
47121,0.189
47123,0.326
47125,0.331
47127,0.23
47129,0.177
47131,0.176
47133,0.244
47135,0.35
47137,0.246
47139,0.164
47141,0.254
47143,0.097
47145,0.367
47147,0.199
47149,0.171
47151,0.275
47153,0.204
47155,0.278
47157,0.162
47159,0.172
47161,0.258
47163,0.281
47165,0.218
47167,0.137
47169,0.256
47171,0.35
47173,0.163
47175,0.357
47177,0.332
47179,0.345
47181,0.226
47183,0.179
47185,0.16
47187,0.275
47189,0.155
48001,0.18
48003,0.144
48005,0.256
48007,0.299
48009,0.213
48011,0.165
48013,0.281
48015,0.209
48017,0.254
48019,0.272
48021,0.148
48023,0.15
48025,0.171
48027,0.303
48029,0.111
48031,0.162
48033,0.058
48035,0.302
48037,0.116
48039,0.318
48041,0.129
48043,0.252
48045,0.141
48047,0.249
48049,0.109
48051,0.292
48053,0.254
48055,0.163
48057,0.332
48059,0.195
48061,0.253
48063,0.248
48065,0.276
48067,0.307
48069,0.285
48071,0.283
48073,0.287
48075,0.347
48077,0.264
48079,0.084
48081,0.222
48083,0.096
48085,0.139
48087,0.318
48089,0.219
48091,0.196
48093,0.316
48095,0.301
48097,0.312
48099,0.175
48101,0.297
48103,0.296
48105,0.345
48107,0.137
48109,0.29
48111,0.275
48113,0.214
48115,0.177
48117,0.327
48119,0.078
48121,0.194
48123,0.297
48125,0.233
48127,0.11
48129,0.21
48131,0.31
48133,0.285
48135,0.174
48137,0.242
48139,0.177
48141,0.266
48143,0.128
48145,0.301
48147,0.155
48149,0.21
48151,0.257
48153,0.304
48155,0.209
48157,0.287
48159,0.323
48161,0.303
48163,0.287
48165,0.114
48167,0.198
48169,0.165
48171,0.287
48173,0.119
48175,0.092
48177,0.129
48179,0.191
48181,0.299
48183,0.317
48185,0.18
48187,0.29
48189,0.207
48191,0.124
48193,0.179
48195,0.16
48197,0.275
48199,0.072
48201,0.191
48203,0.235
48205,0.317
48207,0.233
48209,0.212
48211,0.188
48213,0.27
48215,0.325
48217,0.116
48219,0.255
48221,0.18
48223,0.306
48225,0.185
48227,0.143
48229,0.275
48231,0.225
48233,0.195
48235,0.17
48237,0.204
48239,0.104
48241,0.086
48243,0.349
48245,0.256
48247,0.218
48249,0.32
48251,0.1
48253,0.131
48255,0.262
48257,0.325
48259,0.218
48261,0.16
48263,0.091
48265,0.212
48267,0.2
48269,0.294
48271,0.254
48273,0.179
48275,0.267
48277,0.134
48279,0.168
48281,0.196
48283,0.071
48285,0.149
48287,0.144
48289,0.179
48291,0.149
48293,0.252
48295,0.272
48297,0.291
48299,0.236
48301,0.293
48303,0.335
48305,0.127
48307,0.128
48309,0.091
48311,0.211
48313,0.108
48315,0.197
48317,0.328
48319,0.16
48321,0.134
48323,0.362
48325,0.276
48327,0.101
48329,0.09
48331,0.202
48333,0.222
48335,0.23
48337,0.267
48339,0.198
48341,0.149
48343,0.113
48345,0.336
48347,0.183
48349,0.32
48351,0.214
48353,0.284
48355,0.294
48357,0.257
48359,0.203
48361,0.085
48363,0.181
48365,0.181
48367,0.325
48369,0.334
48371,0.298
48373,0.147
48375,0.183
48377,0.086
48379,0.298
48381,0.295
48383,0.161
48385,0.208
48387,0.121
48389,0.145
48391,0.26
48393,0.28
48395,0.272
48397,0.157
48399,0.258
48401,0.201
48403,0.181
48405,0.349
48407,0.168
48409,0.16
48411,0.168
48413,0.238
48415,0.121
48417,0.202
48419,0.283
48421,0.101
48423,0.229
48425,0.323
48427,0.173
48429,0.308
48431,0.239
48433,0.136
48435,0.058
48437,0.288
48439,0.297
48441,0.082
48443,0.241
48445,0.098
48447,0.227
48449,0.136
48451,0.147
48453,0.16
48455,0.15
48457,0.188
48459,0.285
48461,0.281
48463,0.226
48465,0.189
48467,0.186
48469,0.254
48471,0.079
48473,0.168
48475,0.26
48477,0.215
48479,0.139
48481,0.211
48483,0.319
48485,0.176
48487,0.211
48489,0.215
48491,0.389
48493,0.088
48495,0.129
48497,0.27
48499,0.196
48501,0.274
48503,0.131
48505,0.064
48507,0.296
49001,0.303
49003,0.122
49005,0.166
49007,0.192
49009,0.315
49011,0.177
49013,0.066
49015,0.069
49017,0.272
49019,0.109
49021,0.292
49023,0.123
49025,0.288
49027,0.234
49029,0.1
49031,0.123
49033,0.178
49035,0.268
49037,0.1
49039,0.316
49041,0.106
49043,0.267
49045,0.278
49047,0.134
49049,0.286
49051,0.244
49053,0.23
49055,0.218
49057,0.162
50001,0.16
50003,0.168
50005,0.288
50007,0.09
50009,0.167
50011,0.098
50013,0.112
50015,0.15
50017,0.186
50019,0.145
50021,0.253
50023,0.087
50025,0.271
50027,0.083
51001,0.188
51003,0.071
51005,0.11
51007,0.127
51009,0.16
51011,0.23
51013,0.287
51015,0.062
51017,0.078
51019,0.274
51021,0.232
51023,0.145
51025,0.122
51027,0.184
51029,0.168
51031,0.298
51033,0.146
51035,0.142
51036,0.353
51037,0.307
51041,0.151
51043,0.098
51045,0.081
51047,0.112
51049,0.315
51051,0.1
51053,0.273
51057,0.173
51059,0.157
51061,0.287
51063,0.2
51065,0.321
51067,0.258
51069,0.078
51071,0.073
51073,0.175
51075,0.115
51077,0.077
51079,0.234
51081,0.298
51083,0.161
51085,0.305
51087,0.076
51089,0.212
51091,0.154
51093,0.229
51095,0.283
51097,0.246
51099,0.135
51101,0.085
51103,0.294
51105,0.173
51107,0.241
51109,0.077
51111,0.161
51113,0.271
51115,0.31
51117,0.268
51119,0.145
51121,0.304
51125,0.103
51127,0.172
51131,0.219
51133,0.096
51135,0.135
51137,0.229
51139,0.326
51141,0.128
51143,0.119
51145,0.143
51147,0.18
51149,0.304
51153,0.153
51155,0.263
51157,0.108
51159,0.096
51161,0.212
51163,0.169
51165,0.146
51167,0.293
51169,0.286
51171,0.159
51173,0.086
51175,0.322
51177,0.187
51179,0.091
51181,0.101
51183,0.193
51185,0.255
51187,0.109
51191,0.296
51193,0.162
51195,0.211
51197,0.107
51199,0.187
51510,0.16
51515,0.188
51520,0.289
51530,0.169
51540,0.337
51550,0.272
51570,0.174
51580,0.092
51590,0.191
51595,0.18
51600,0.198
51610,0.094
51620,0.323
51630,0.137
51640,0.211
51650,0.123
51660,0.157
51670,0.144
51678,0.344
51680,0.252
51683,0.137
51685,0.128
51690,0.304
51700,0.22
51710,0.143
51720,0.184
51730,0.275
51735,0.168
51740,0.25
51750,0.274
51760,0.305
51770,0.14
51775,0.306
51790,0.083
51800,0.253
51810,0.126
51820,0.109
51830,0.122
51840,0.145
53001,0.079
53003,0.265
53005,0.301
53007,0.268
53009,0.095
53011,0.325
53013,0.287
53015,0.324
53017,0.228
53019,0.206
53021,0.193
53023,0.312
53025,0.183
53027,0.243
53029,0.177
53031,0.291
53033,0.144
53035,0.088
53037,0.201
53039,0.103
53041,0.301
53043,0.37
53045,0.094
53047,0.214
53049,0.274
53051,0.217
53053,0.351
53055,0.238
53057,0.127
53059,0.191
53061,0.334
53063,0.111
53065,0.303
53067,0.255
53069,0.071
53071,0.294
53073,0.295
53075,0.168
53077,0.057
54001,0.228
54003,0.252
54005,0.125
54007,0.324
54009,0.1
54011,0.161
54013,0.266
54015,0.331
54017,0.339
54019,0.144
54021,0.226
54023,0.175
54025,0.302
54027,0.263
54029,0.208
54031,0.178
54033,0.127
54035,0.251
54037,0.339
54039,0.306
54041,0.081
54043,0.245
54045,0.266
54047,0.108
54049,0.377
54051,0.315
54053,0.237
54055,0.261
54057,0.309
54059,0.249
54061,0.177
54063,0.056
54065,0.315
54067,0.191
54069,0.241
54071,0.188
54073,0.285
54075,0.302
54077,0.283
54079,0.23
54081,0.293
54083,0.22
54085,0.165
54087,0.108
54089,0.15
54091,0.128
54093,0.169
54095,0.129
54097,0.228
54099,0.119
54101,0.147
54103,0.324
54105,0.233
54107,0.254
54109,0.198
55001,0.315
55003,0.233
55005,0.203
55007,0.311
55009,0.212
55011,0.171
55013,0.287
55015,0.111
55017,0.267
55019,0.226
55021,0.276
55023,0.081
55025,0.191
55027,0.264
55029,0.164
55031,0.216
55033,0.265
55035,0.128
55037,0.08
55039,0.301
55041,0.198
55043,0.241
55045,0.271
55047,0.268
55049,0.145
55051,0.152
55053,0.114
55055,0.232
55057,0.3
55059,0.095
55061,0.098
55063,0.223
55065,0.239
55067,0.19
55069,0.145
55071,0.326
55073,0.085
55075,0.077
55077,0.302
55078,0.213
55079,0.127
55081,0.153
55083,0.064
55085,0.121
55087,0.184
55089,0.245
55091,0.102
55093,0.254
55095,0.231
55097,0.124
55099,0.178
55101,0.344
55103,0.243
55105,0.245
55107,0.191
55109,0.141
55111,0.158
55113,0.21
55115,0.101
55117,0.172
55119,0.153
55121,0.326
55123,0.164
55125,0.106
55127,0.211
55129,0.297
55131,0.258
55133,0.261
55135,0.142
55137,0.312
55139,0.332
55141,0.27
56001,0.104
56003,0.116
56005,0.172
56007,0.137
56009,0.298
56011,0.279
56013,0.159
56015,0.104
56017,0.223
56019,0.168
56021,0.157
56023,0.193
56025,0.265
56027,0.263
56029,0.085
56031,0.201
56033,0.132
56035,0.106
56037,0.295
56039,0.284
56041,0.182
56043,0.282
56045,0.219
72001,0.249
72003,0.357
72005,0.279
72007,0.238
72009,0.332
72011,0.312
72013,0.183
72015,0.297
72017,0.337
72019,0.361
72021,0.396
72023,0.356
72025,0.285
72027,0.398
72029,0.266
72031,0.252
72033,0.163
72035,0.263
72037,0.321
72039,0.216
72041,0.376
72043,0.183
72045,0.421
72047,0.244
72049,0.177
72051,0.276
72053,0.192
72054,0.258
72055,0.445
72057,0.399
72059,0.31
72061,0.356
72063,0.286
72065,0.173
72067,0.385
72069,0.194
72071,0.428
72073,0.341
72075,0.369
72077,0.336
72079,0.401
72081,0.376
72083,0.195
72085,0.271
72087,0.332
72089,0.434
72091,0.302
72093,0.362
72095,0.429
72097,0.349
72099,0.319
72101,0.42
72103,0.386
72105,0.312
72107,0.399
72109,0.348
72111,0.386
72113,0.262
72115,0.409
72117,0.358
72119,0.409
72121,0.411
72123,0.249
72125,0.292
72127,0.398
72129,0.239
72131,0.325
72133,0.202
72135,0.487
72137,0.269
72139,0.154
72141,0.361
72143,0.458
72145,0.373
72147,0.326
72149,0.517
72151,0.428
72153,0.401
